File,Size (KB),Original Mean (ms),Selected Mean (ms),Original Median (ms),Selected Median (ms),Original Min (ms),Selected Min (ms),Original Max (ms),Selected Max (ms),Speedup,Faster (%),Data Identical
18_30mm Single Photon Laser 40_3.txt,32.783203125,0.8648514980450273,0.6452006055042148,0.8750414999667555,0.639641541056335,0.7507929694838822,0.6029399810358882,0.9487240458838642,0.7070730207487941,1.3404381376380738,25.397526978600048,True
18_31mm Single Photon Laser 40_3.txt,32.7666015625,0.7493968994822353,0.6303176051005721,0.7443685026373714,0.6130665133241564,0.6972950068302453,0.5778660415671766,0.8079230319708586,0.7052569999359548,1.1889195120334028,15.890016954158211,True
18_32mm Single Photon Laser 40_3.txt,32.7666015625,0.7736456114798784,0.6000135093927383,0.7500605133827776,0.6011935183778405,0.6967360386624932,0.5803119856864214,0.8971109637059271,0.6195619935169816,1.28938032122455,22.44336418518624,True
18_33mm Single Photon Laser 40_3.txt,32.783203125,0.7127582037355751,0.6106781016569585,0.7101460068952292,0.6101330218371004,0.6825589807704091,0.5795430042780936,0.7449279655702412,0.6674730102531612,1.1671586090964154,14.32184176114893,True
18_34mm Single Photon Laser 40_3.txt,32.7958984375,0.7356102054473013,0.6125290936324745,0.7268380140885711,0.5994134990032762,0.6829079939052463,0.5876449868083,0.8255940047092736,0.7032319554127753,1.2009392094094995,16.73183853396719,True
18_35mm Single Photon Laser 10.txt,32.849609375,0.7647412014193833,0.5948521080426872,0.750375009374693,0.5945934972260147,0.6836769753135741,0.5814990145154297,0.8626790367998183,0.6197720067575574,1.285598875888164,22.2152400134028,True
18_35mm Single Photon Laser 40.txt,32.861328125,0.7276694115716964,0.6013195030391216,0.7163974805735052,0.5969335325062275,0.6786480080336332,0.5833840114064515,0.8059680112637579,0.6222160300239921,1.210121088529461,17.363641582744428,True
18_35mm Single Photon Laser 40_3.txt,32.7958984375,0.7838146120775491,0.596737809246406,0.7303300080820918,0.5908920138608664,0.6816509994678199,0.5798219935968518,0.9332190384157002,0.6270349840633571,1.313499161495053,23.86748090027111,True
18_36mm Single Photon Laser 10.txt,32.849609375,0.710251007694751,0.5964095995295793,0.709342974005267,0.5924984870944172,0.6833969964645803,0.5830349982716143,0.7335430127568543,0.6245209951885045,1.1908778937410878,16.028334621398816,True
18_36mm Single Photon Laser 40.txt,32.859375,0.8253352949395776,0.6512422056403011,0.8633430115878582,0.6465559999924153,0.7158729713410139,0.5899490206502378,0.9190410492010415,0.7123120012693107,1.2673246417254365,21.09361981326895,True
18_36mm Single Photon Laser 40_3.txt,32.810546875,0.7557731994893402,0.6042455905117095,0.7408064848277718,0.6071299721952528,0.6961770122870803,0.5809389986097813,0.8601650479249656,0.6185139645822346,1.2507715593742414,20.04934933919524,True
18_37mm Single Photon Laser 10.txt,32.849609375,0.7267682056408376,0.6009491975419223,0.7294570095837116,0.6022060115355998,0.6843050359748304,0.5811489536426961,0.7673460058867931,0.6209589773789048,1.2093671288913537,17.312123332083935,True
18_37mm Single Photon Laser 40.txt,32.86328125,0.7386901997961104,0.6145541032310575,0.7338920258916914,0.6136950105428696,0.6859110435470939,0.5971429636701941,0.8000319940038025,0.651619047857821,1.201993764116779,16.804892849440307,True
18_37mm Single Photon Laser 40_3.txt,32.7998046875,0.714120187330991,0.6143309874460101,0.7134990009944886,0.6018574931658804,0.6843749433755875,0.58233697200194,0.7508639828301966,0.7030220003798604,1.1624355631153163,13.973726223584428,True
18_38mm Single Photon Laser 10.txt,32.849609375,0.7207549060694873,0.6491813983302563,0.7072830339893699,0.653749011689797,0.6866089534014463,0.6082479958422482,0.7952129817567766,0.6836759857833385,1.1102519387082308,9.930353180604039,True
18_38mm Single Photon Laser 40.txt,32.86328125,0.7251407892908901,0.6336907972581685,0.720831478247419,0.6231239822227508,0.6848630146123469,0.5789839779026806,0.7940949872136116,0.7649710169062018,1.1443132714383804,12.611342981016133,True
18_38mm Single Photon Laser 40_3.txt,32.8125,0.7249243091791868,0.6094140058849007,0.7217745296657085,0.6098540325183421,0.7026030216366053,0.5842230166308582,0.7649710169062018,0.6325519643723965,1.189543236910939,15.934119166879022,True
18_39mm Single Photon Laser 10.txt,32.84765625,0.726412096992135,0.6008865020703524,0.7154540217015892,0.6016124971210957,0.6931049865670502,0.5831050220876932,0.8351620053872466,0.6150919944047928,1.2089006734038534,17.280218135346075,True
18_39mm Single Photon Laser 40.txt,32.86328125,0.7651322928722948,0.6012216035742313,0.7430760015267879,0.600669503910467,0.7262799772433937,0.5826160195283592,0.8850989979691803,0.6187930121086538,1.272629407066584,21.422529257358267,True
18_39mm Single Photon Laser 40_3.txt,32.818359375,0.7165366958361119,0.617299199802801,0.7191559998318553,0.6094699783716351,0.6784379947930574,0.602590967901051,0.754636013880372,0.6553210550919175,1.1607607721912043,13.84960415984176,True
18_40mm Single Photon Laser 10.txt,32.833984375,0.733019394101575,0.6287461030296981,0.7391299877781421,0.6235784967429936,0.6984830251894891,0.5781460204161704,0.7704200106672943,0.686888990458101,1.1658432403309094,14.22517492864966,True
18_40mm Single Photon Laser 40.txt,32.865234375,0.7237370999064296,0.6256730004679412,0.7235555094666779,0.6216919864527881,0.6954799755476415,0.5870159948244691,0.7599429809488356,0.6773910135962069,1.1567337880412711,13.549685300251554,True
18_40mm Single Photon Laser 40_3.txt,32.8173828125,0.7166904862970114,0.6200089934282005,0.7210069743450731,0.6119494792073965,0.6876569823361933,0.5903679993934929,0.7602919940836728,0.6932439864613116,1.155935629795033,13.48999250266929,True
18_41mm Single Photon Laser 10.txt,32.82421875,0.7259091944433749,0.6173203000798821,0.7140919915400445,0.6112859991844743,0.6958289886824787,0.596723984926939,0.7737720152363181,0.6481269956566393,1.1759036505837264,14.959019006056037,True
18_41mm Single Photon Laser 40.txt,32.8603515625,0.7305957842618227,0.613681401591748,0.7218794780783355,0.6126825173851103,0.7014159928075969,0.5896000075154006,0.8275489672087133,0.6673330208286643,1.1905131593801372,16.002608444860158,True
18_41mm Single Photon Laser 40_3.txt,32.8134765625,0.985418405616656,0.8454145863652229,0.7322505116462708,0.8031745092011988,0.7037210161797702,0.6555999862030149,2.57916800910607,1.10153597779572,1.1656037422459975,14.207550666137736,True
18_42mm Single Photon Laser 10.txt,32.8447265625,1.0403486958239228,0.7625061029102653,0.9884634928312153,0.7572539907414466,0.8501080446876585,0.6642600055783987,1.4948819880373776,0.8820950170047581,1.364380811974111,26.706679599729306,True
18_42mm Single Photon Laser 40.txt,32.8623046875,0.8110250055324286,0.7445360941346735,0.7639240357093513,0.7337175193242729,0.7192259654402733,0.6437969859689474,1.1226980132050812,0.9065399644896388,1.0893024689085504,8.198133342893167,True
18_42mm Single Photon Laser 40_3.txt,32.8154296875,0.8303848968353122,0.6331950949970633,0.7986699929460883,0.6166989915072918,0.7026729872450233,0.5979110137559474,1.1727040400728583,0.7636449881829321,1.3114202927285208,23.746795322236817,True
18_43mm Single Photon Laser 10.txt,32.849609375,0.8448001986835152,0.6273701088503003,0.8136859978549182,0.6208540289662778,0.6966670043766499,0.5982599686831236,1.154057972598821,0.7273969822563231,1.3465738752387657,25.73745723214135,True
18_43mm Single Photon Laser 40.txt,32.8623046875,0.7327329076360911,0.7238489983137697,0.7219490071292967,0.641771504888311,0.693314999807626,0.581218977458775,0.7877399912104011,1.3359239674173295,1.0122731527473503,1.2124348763019654,True
18_43mm Single Photon Laser 40_3.txt,32.8125,0.748782412847504,0.6711675086989999,0.7302605372387916,0.6138700118754059,0.6868189666420221,0.5889020394533873,0.9005330502986908,0.906819012016058,1.115641629164907,10.365481722967644,True
18_44mm Single Photon Laser 10.txt,32.849609375,0.7634629087988287,0.690715987002477,0.7461140339728445,0.6288154982030392,0.6926159840077162,0.5842919927090406,0.9315430070273578,1.065917022060603,1.1053210337754797,9.528546961214634,True
18_44mm Single Photon Laser 40.txt,32.86328125,0.7494526915252209,0.6690937094390392,0.7285139872692525,0.6492800021078438,0.7015559822320938,0.5951870116405189,0.907797017134726,0.8109970367513597,1.1201012368709216,10.722355526223007,True
18_44mm Single Photon Laser 40_3.txt,32.8095703125,0.8244761032983661,0.6916799058672041,0.7551235321443528,0.6279429944697767,0.7021839846856892,0.5878540105186403,1.1752190184779465,0.8759490447118878,1.1919908274112239,16.106736981205735,True
18_45mm Single Photon Laser 10.txt,32.849609375,0.7561505946796387,0.6882229004986584,0.7335080008488148,0.6515140121337026,0.6883549503982067,0.5954669904895127,0.8802100201137364,0.9252569871023297,1.0987001364409157,8.983355254750482,True
18_45mm Single Photon Laser 40.txt,32.8583984375,0.7454508042428643,0.6719916011206806,0.7262795115821064,0.6217269983608276,0.698064046446234,0.5886220023967326,0.905770983081311,0.8327870164066553,1.1093156566237967,9.85433280158499,True
18_45mm Single Photon Laser 40_3.txt,32.796875,0.7857773976866156,0.6835573934949934,0.7657049864064902,0.6475329864770174,0.713079993147403,0.5994469975121319,0.8825139957480133,0.8885209681466222,1.1495412165304462,13.008773794278778,True
18_46mm Single Photon Laser 40_3.txt,32.78515625,0.7843941973987967,0.6789059960283339,0.7498154882341623,0.6488950166385621,0.6947109941393137,0.6029399810358882,0.9640189819037914,0.8634469704702497,1.1553796873021878,13.448365849757957,True
18_47mm Single Photon Laser 40_3.txt,32.7890625,0.8319216140080243,0.6594483973458409,0.812009529909119,0.6215174798853695,0.7059550262056291,0.5831050220876932,1.008159015327692,0.9163880022242665,1.2615416420092256,20.731907160248376,True
18_48mm Single Photon Laser 40_3.txt,32.78515625,0.7566602958831936,0.7214604876935482,0.7342409808188677,0.6522829935420305,0.6920570158399642,0.5798919592052698,0.8970409980975091,1.3869079994037747,1.0487896548599305,4.651996197125588,True
18_49mm Single Photon Laser 40_3.txt,32.76953125,0.7397028966806829,0.8520286064594984,0.7111940067261457,0.8107870235107839,0.6878669955767691,0.6166989915072918,0.8732950082048774,1.154966012109071,0.8681667388544952,-15.18524670957245,True
18_50mm Single Photon Laser 40_3.txt,32.7685546875,0.7593282032757998,0.6783542863558978,0.7353934925049543,0.653329974738881,0.7048380211926997,0.5845020059496164,0.8861459791660309,0.8487809682264924,1.1193681805342335,10.663889023293782,True
